iteration,mode,PC,FA,SC,FAGG,CAGG,WATER,AEA,WR_HR,WR,ACC,w/b,b/a,SCM%,CAGG%,FAGG%,PC%,FA%,SC%,total_binder,pred_7day,pred_28day,pred_56day,gwp,gwp_gap,str_margin,feasible
1,exploit,240.0,0.0,560.0,1400.0,1650.0,264.0,0.0,0.0,100.0,0.0,0.33,0.2623,0.7,0.54098,0.45902,0.3,0.0,0.7,800.0,52.49,67.6,71.73,409.11,73.56,2.6,True
2,exploit,240.0,0.0,560.0,1400.0,1650.0,249.0,0.0,0.0,100.0,0.0,0.31125,0.2623,0.7,0.54098,0.45902,0.3,0.0,0.7,800.0,51.42,68.07,72.29,409.11,73.56,3.07,True
3,exploit,225.0,0.0,560.0,1400.0,1650.0,249.0,0.0,0.0,100.0,0.0,0.3172,0.25738,0.71338,0.54098,0.45902,0.28662,0.0,0.71338,785.0,51.02,67.71,72.06,393.38,57.83,2.71,True
4,exploit,225.0,0.0,560.0,1400.0,1650.0,234.0,0.0,0.0,100.0,200.0,0.29809,0.25738,0.71338,0.54098,0.45902,0.28662,0.0,0.71338,785.0,47.96,66.11,71.04,393.38,57.83,1.11,True
