iteration,mode,PC,FA,SC,FAGG,CAGG,WATER,AEA,WR_HR,WR,ACC,w/b,b/a,SCM%,CAGG%,FAGG%,PC%,FA%,SC%,total_binder,pred_7day,pred_28day,pred_56day,gwp,gwp_gap,str_margin,feasible
1,exploit,320.0,180.0,240.0,1320.0,1775.0,184.0,14.0,46.0,55.0,0.0,0.24865,0.2391,0.56757,0.57351,0.42649,0.43243,0.24324,0.32432,740.0,39.88,60.24,69.26,467.76,164.66,0.24,True
2,exploit,290.0,180.0,270.0,1320.0,1775.0,174.0,14.0,46.0,55.0,0.0,0.23514,0.2391,0.60811,0.57351,0.42649,0.39189,0.24324,0.36486,740.0,40.0,60.19,68.87,444.24,141.14,0.19,True
3,exploit,280.0,180.0,300.0,1320.0,1775.0,189.0,14.0,46.0,55.0,0.0,0.24868,0.24556,0.63158,0.57351,0.42649,0.36842,0.23684,0.39474,760.0,42.03,60.78,69.83,441.68,138.58,0.78,True
4,exploit,250.0,180.0,330.0,1320.0,1775.0,179.0,14.0,46.0,55.0,0.0,0.23553,0.24556,0.67105,0.57351,0.42649,0.32895,0.23684,0.43421,760.0,41.22,61.1,71.84,418.16,115.06,1.1,True
5,exploit,240.0,180.0,360.0,1320.0,1775.0,184.0,14.0,46.0,55.0,0.0,0.2359,0.25202,0.69231,0.57351,0.42649,0.30769,0.23077,0.46154,780.0,41.66,61.18,72.18,415.6,112.5,1.18,True
6,exploit,270.0,180.0,360.0,1320.0,1775.0,189.0,14.0,46.0,55.0,0.0,0.23333,0.26171,0.66667,0.57351,0.42649,0.33333,0.22222,0.44444,810.0,42.02,60.38,70.63,447.04,143.94,0.38,True
