iteration,mode,PC,FA,SC,FAGG,CAGG,WATER,AEA,WR_HR,WR,ACC,w/b,b/a,SCM%,CAGG%,FAGG%,PC%,FA%,SC%,total_binder,pred_7day,pred_28day,pred_56day,gwp,gwp_gap,str_margin,feasible
1,exploit,240.0,0.0,560.0,1400.0,1650.0,264.0,0.0,0.0,100.0,0.0,0.33,0.2623,0.7,0.54098,0.45902,0.3,0.0,0.7,800.0,52.49,67.6,71.73,409.11,73.56,2.6,True
2,exploit,280.0,0.0,530.0,1400.0,1650.0,249.0,0.0,0.0,100.0,200.0,0.30741,0.26557,0.65432,0.54098,0.45902,0.34568,0.0,0.65432,810.0,48.51,66.38,71.54,443.11,107.56,1.38,True
3,exploit,250.0,0.0,560.0,1400.0,1650.0,239.0,0.0,0.0,100.0,200.0,0.29506,0.26557,0.69136,0.54098,0.45902,0.30864,0.0,0.69136,810.0,48.26,66.0,71.53,419.59,84.04,1.0,True
4,exploit,250.0,0.0,560.0,1400.0,1650.0,229.0,0.0,0.0,100.0,200.0,0.28272,0.26557,0.69136,0.54098,0.45902,0.30864,0.0,0.69136,810.0,47.71,65.86,73.59,419.59,84.04,0.86,True
