iteration,mode,PC,FA,SC,FAGG,CAGG,WATER,AEA,WR_HR,WR,ACC,w/b,b/a,SCM%,CAGG%,FAGG%,PC%,FA%,SC%,total_binder,pred_7day,pred_28day,pred_56day,gwp,gwp_gap,str_margin,feasible
1,exploit,219.0,100.0,430.0,1300.0,1900.0,185.0,2.0,0.0,35.0,0.0,0.247,0.23406,0.70761,0.59375,0.40625,0.29239,0.13351,0.5741,749.0,42.47,61.13,70.85,386.24,,6.13,True
2,exploit,214.0,100.0,435.0,1300.0,1900.0,185.0,2.0,0.0,55.0,0.0,0.247,0.23406,0.71429,0.59375,0.40625,0.28571,0.13351,0.58077,749.0,46.16,65.37,72.47,382.32,,10.37,True
3,exploit,209.0,100.0,440.0,1300.0,1900.0,185.0,2.0,0.0,75.0,0.0,0.247,0.23406,0.72096,0.59375,0.40625,0.27904,0.13351,0.58745,749.0,46.34,64.6,71.8,378.4,,9.6,True
