iteration,mode,PC,FA,SC,FAGG,CAGG,WATER,AEA,WR_HR,WR,ACC,w/b,b/a,SCM%,CAGG%,FAGG%,PC%,FA%,SC%,total_binder,pred_7day,pred_28day,pred_56day,gwp,gwp_gap,str_margin,feasible
1,exploit,240.0,0.0,560.0,1400.0,1650.0,264.0,0.0,0.0,100.0,0.0,0.33,0.2623,0.7,0.54098,0.45902,0.3,0.0,0.7,800.0,52.49,67.6,71.73,409.11,73.56,2.6,True
2,exploit,260.0,20.0,560.0,1400.0,1650.0,249.0,0.0,0.0,100.0,0.0,0.29643,0.27541,0.69048,0.54098,0.45902,0.30952,0.02381,0.66667,840.0,52.11,65.27,72.36,436.62,101.07,0.27,True
3,exploit,230.0,20.0,560.0,1400.0,1650.0,244.0,0.0,0.0,100.0,0.0,0.30123,0.26557,0.71605,0.54098,0.45902,0.28395,0.02469,0.69136,810.0,50.79,67.53,72.71,405.19,69.64,2.53,True
4,exploit,240.0,30.0,560.0,1450.0,1700.0,244.0,0.0,0.0,100.0,0.0,0.29398,0.26349,0.71084,0.53968,0.46032,0.28916,0.03614,0.6747,830.0,50.41,66.85,72.76,419.26,83.71,1.85,True
5,exploit,230.0,40.0,560.0,1440.0,1690.0,234.0,0.0,0.0,100.0,0.0,0.28193,0.26518,0.72289,0.53994,0.46006,0.27711,0.04819,0.6747,830.0,50.29,66.69,74.95,412.0,76.45,1.69,True
