iteration,mode,PC,FA,SC,FAGG,CAGG,WATER,AEA,WR_HR,WR,ACC,w/b,b/a,SCM%,CAGG%,FAGG%,PC%,FA%,SC%,total_binder,pred_7day,pred_28day,pred_56day,gwp,gwp_gap,str_margin,feasible
1,exploit,250.0,0.0,550.0,1400.0,1650.0,260.0,0.0,0.0,100.0,0.0,0.325,0.2623,0.6875,0.54098,0.45902,0.3125,0.0,0.6875,800.0,52.23,67.71,72.08,416.95,81.4,2.71,True
2,exploit,240.0,0.0,560.0,1400.0,1650.0,245.0,0.0,0.0,100.0,300.0,0.30625,0.2623,0.7,0.54098,0.45902,0.3,0.0,0.7,800.0,47.9,66.65,70.93,409.11,73.56,1.65,True
3,exploit,240.0,0.0,560.0,1400.0,1650.0,235.0,0.0,0.0,100.0,300.0,0.29375,0.2623,0.7,0.54098,0.45902,0.3,0.0,0.7,800.0,47.81,66.51,71.15,409.11,73.56,1.51,True
