iteration,mode,PC,FA,SC,FAGG,CAGG,WATER,AEA,WR_HR,WR,ACC,w/b,b/a,SCM%,CAGG%,FAGG%,PC%,FA%,SC%,total_binder,pred_7day,pred_28day,pred_56day,gwp,gwp_gap,str_margin,feasible
1,exploit,380.0,150.0,200.0,850.0,1600.0,185.0,5.0,50.0,30.0,550.0,0.25342,0.29796,0.47945,0.65306,0.34694,0.52055,0.20548,0.27397,730.0,38.8,55.08,64.31,508.37,251.37,0.08,True
2,exploit,350.0,150.0,230.0,850.0,1600.0,195.0,5.0,50.0,30.0,600.0,0.26712,0.29796,0.52055,0.65306,0.34694,0.47945,0.20548,0.31507,730.0,39.17,56.58,64.63,484.85,227.85,1.58,True
3,exploit,320.0,150.0,260.0,850.0,1600.0,210.0,5.0,50.0,30.0,700.0,0.28767,0.29796,0.56164,0.65306,0.34694,0.43836,0.20548,0.35616,730.0,38.96,56.02,65.29,461.33,204.33,1.02,True
4,exploit,290.0,150.0,290.0,850.0,1600.0,225.0,5.0,50.0,30.0,768.0,0.30822,0.29796,0.60274,0.65306,0.34694,0.39726,0.20548,0.39726,730.0,39.48,57.7,66.24,437.81,180.81,2.7,True
5,exploit,260.0,150.0,320.0,850.0,1600.0,240.0,5.0,50.0,30.0,768.0,0.32877,0.29796,0.64384,0.65306,0.34694,0.35616,0.20548,0.43836,730.0,39.1,55.16,63.58,414.29,157.29,0.16,True
6,exploit,260.0,150.0,320.0,850.0,1600.0,240.0,5.0,50.0,30.0,768.0,0.32877,0.29796,0.64384,0.65306,0.34694,0.35616,0.20548,0.43836,730.0,39.1,55.16,63.58,414.29,157.29,0.16,True
7,exploit,230.0,150.0,350.0,850.0,1600.0,225.0,5.0,50.0,30.0,768.0,0.30822,0.29796,0.68493,0.65306,0.34694,0.31507,0.20548,0.47945,730.0,38.52,55.67,64.09,390.77,133.77,0.67,True
8,exploit,230.0,150.0,350.0,850.0,1600.0,225.0,5.0,50.0,30.0,768.0,0.30822,0.29796,0.68493,0.65306,0.34694,0.31507,0.20548,0.47945,730.0,38.52,55.67,64.09,390.77,133.77,0.67,True
9,exploit,230.0,150.0,350.0,850.0,1600.0,210.0,5.0,50.0,30.0,768.0,0.28767,0.29796,0.68493,0.65306,0.34694,0.31507,0.20548,0.47945,730.0,38.26,55.45,65.1,390.77,133.77,0.45,True
