iteration,mode,PC,FA,SC,FAGG,CAGG,WATER,AEA,WR_HR,WR,ACC,w/b,b/a,SCM%,CAGG%,FAGG%,PC%,FA%,SC%,total_binder,pred_7day,pred_28day,pred_56day,gwp,gwp_gap,str_margin,feasible
1,exploit,200.0,0.0,510.0,1350.0,1850.0,195.0,2.0,0.0,75.0,0.0,0.27465,0.22187,0.71831,0.57812,0.42188,0.28169,0.0,0.71831,710.0,44.19,60.62,66.8,354.6,,15.62,True
2,exploit,205.0,0.0,505.0,1350.0,1850.0,190.0,2.0,0.0,75.0,0.0,0.26761,0.22187,0.71127,0.57812,0.42188,0.28873,0.0,0.71127,710.0,44.28,60.62,66.79,358.51,,15.62,True
3,exploit,205.0,0.0,505.0,1350.0,1850.0,185.0,2.0,0.0,80.0,0.0,0.26056,0.22187,0.71127,0.57812,0.42188,0.28873,0.0,0.71127,710.0,43.81,60.25,65.57,358.51,,15.25,True
